{"type":"FeatureCollection","crs":{"type":"name","properties":{"name":"EPSG:3857"}},"features":[{"type":"Feature","id":0,"geometry":{"type":"Polygon","coordinates":[[[13421082.677200001,1423768.9329000004],[13409270.485599998,1430615.6217],[13402591.263599999,1420187.8707000017],[13414063.317499999,1413502.0476000011],[13421082.677200001,1423768.9329000004]]]},"properties":{"FID":0,"REP_AREA":157.72,"ISO3":"PHL","AHPSITEID":61,"AHPNAME":"Apo Reef Natural Park","YR_DEC":"2024","OFF_AREA":0,"CLASS":2,"C_Desc":"Coastal and/or Marine","GIS_Has":15782.3801976,"OBJECTID":0,"WDPAID":0,"WDPA_PID":" ","PA_DEF":" ","NAME":" ","ORIG_NAME":" ","DESIG":" ","DESIG_ENG":" ","DESIG_TYPE":" ","IUCN_CAT":" ","INT_CRIT":" ","MARINE":" ","REP_M_AREA":0,"GIS_M_AREA":0,"GIS_AREA":0,"NO_TAKE":" ","NO_TK_AREA":0,"STATUS":" ","STATUS_YR":0,"GOV_TYPE":" ","OWN_TYPE":" ","MANG_AUTH":" ","MANG_PLAN":" ","VERIF":" ","METADATAID":0,"SUB_LOC":" ","PARENT_ISO":" ","SUPP_INFO":" ","CONS_OBJ":" ","Legend_ID":" ","Shape_Leng":0,"Shape_Area":0}}]}