{
  "type" : "FeatureCollection",
  "crs" : {
    "type" : "name",
    "properties" : {
      "name" : "EPSG:3857"
    }
  },
  "features" : [
    {
      "type" : "Feature",
      "id" : 0,
      "geometry" : {
        "type" : "Polygon",
        "coordinates" : [
          [
            [
              11304683.750500001,
              2422323.7802000009
            ],
            [
              11304352.3303,
              2422492.1717999987
            ],
            [
              11303831.010299999,
              2422528.3905000016
            ],
            [
              11302591.585299999,
              2422291.6973999999
            ],
            [
              11302224.6811,
              2421829.3238999993
            ],
            [
              11301551.011999998,
              2421388.7254999988
            ],
            [
              11300482.787900001,
              2421848.3834000006
            ],
            [
              11299860.568500001,
              2421408.3278999999
            ],
            [
              11299184.647799999,
              2421365.8011999987
            ],
            [
              11298695.628400002,
              2421589.5621000007
            ],
            [
              11297730.531399999,
              2421644.7890999988
            ],
            [
              11297124.980599999,
              2421519.6972999983
            ],
            [
              11296711.834899999,
              2421315.3834999986
            ],
            [
              11296168.0691,
              2421399.6325999983
            ],
            [
              11295856.713799998,
              2421145.0522000007
            ],
            [
              11295858.357299998,
              2420492.0582999997
            ],
            [
              11295247.178399999,
              2420334.4620000012
            ],
            [
              11294954.853300001,
              2419900.0923000015
            ],
            [
              11294534.655499998,
              2419726.8431000002
            ],
            [
              11294011.189100001,
              2418902.8724999987
            ],
            [
              11293716.0546,
              2419076.9607000016
            ],
            [
              11293079.826699998,
              2419371.8269000016
            ],
            [
              11292546.810400002,
              2419457.0102000013
            ],
            [
              11292180.187600002,
              2419379.4756000005
            ],
            [
              11291887.1435,
              2419459.3004000001
            ],
            [
              11291293.7951,
              2419655.4052999988
            ],
            [
              11290728.489500001,
              2419651.9820999987
            ],
            [
              11290167.8125,
              2419443.1151000001
            ],
            [
              11289681.6142,
              2419160.7800999992
            ],
            [
              11289364.979899999,
              2419052.006000001
            ],
            [
              11289020.579100002,
              2419034.9842000008
            ],
            [
              11288707.4263,
              2418962.1044000015
            ],
            [
              11287891.075399999,
              2419454.6730999984
            ],
            [
              11287470.4811,
              2419397.8931999989
            ],
            [
              11287059.0735,
              2419219.2936000004
            ],
            [
              11286384.135899998,
              2419141.2952000014
            ],
            [
              11286031.6765,
              2418914.2008000016
            ],
            [
              11285579.916700002,
              2418346.2465999983
            ],
            [
              11285316.753899999,
              2418148.1416999996
            ],
            [
              11284924.836800002,
              2418056.686900001
            ],
            [
              11284014.754000001,
              2417870.2967999987
            ],
            [
              11283689.3127,
              2417588.0516000018
            ],
            [
              11283845.0526,
              2417050.8480999991
            ],
            [
              11283523.271600001,
              2416889.8927000016
            ],
            [
              11282843.455600001,
              2416936.631000001
            ],
            [
              11282614.081099998,
              2416761.6438999996
            ],
            [
              11282190.467399999,
              2416374.2412
            ],
            [
              11281561.6043,
              2415881.6207999997
            ],
            [
              11280925.7993,
              2415692.3273999989
            ],
            [
              11280645.010299999,
              2415520.1737999991
            ],
            [
              11279750.230999999,
              2414771.9726999998
            ],
            [
              11278807.519200001,
              2415174.6022999994
            ],
            [
              11278511.7599,
              2415188.4156000018
            ],
            [
              11277579.0196,
              2414882.1964000016
            ],
            [
              11277323.434300002,
              2414549.0313000008
            ],
            [
              11277107.5702,
              2414072.746100001
            ],
            [
              11276966.565900002,
              2413875.8357000016
            ],
            [
              11276441.853300001,
              2413518.3172999993
            ],
            [
              11275360.815200001,
              2412967.8324000016
            ],
            [
              11274586.344900001,
              2413684.0643999986
            ],
            [
              11270100.170499999,
              2411031.4836000018
            ],
            [
              11267254.812399998,
              2409361.1939000003
            ],
            [
              11264269.866,
              2407826.1750999987
            ],
            [
              11260726.810199998,
              2405857.4598999992
            ],
            [
              11258593.644499999,
              2404182.5329000019
            ],
            [
              11257216.964200001,
              2402465.8520999998
            ],
            [
              11256481.938099999,
              2401199.493900001
            ],
            [
              11255365.550900001,
              2399613.1361999996
            ],
            [
              11254447.880399998,
              2397953.4998000003
            ],
            [
              11253910.637699999,
              2395692.3344999999
            ],
            [
              11253422.105300002,
              2391698.3154999986
            ],
            [
              11252548.568799999,
              2389388.2617000006
            ],
            [
              11250401.081700001,
              2385263.3258999996
            ],
            [
              11249496.800500002,
              2383623.2644000016
            ],
            [
              11248473.6446,
              2382393.4098000005
            ],
            [
              11247403.9375,
              2381238.2177999988
            ],
            [
              11246302.6076,
              2380505.1873999983
            ],
            [
              11245554.918699998,
              2380160.6138999984
            ],
            [
              11244116.8893,
              2379833.4048000015
            ],
            [
              11243883.586100001,
              2379680.056400001
            ],
            [
              11243627.645,
              2379665.0445999987
            ],
            [
              11242341.054400001,
              2379436.3460999988
            ],
            [
              11240406.435199998,
              2379414.7413999997
            ],
            [
              11238299.227600001,
              2379292.6363000013
            ],
            [
              11236807.424600001,
              2379331.8365999982
            ],
            [
              11235446.256200001,
              2378933.9268000014
            ],
            [
              11234180.231600001,
              2378070.6713999994
            ],
            [
              11233056.5057,
              2377243.2681999989
            ],
            [
              11231704.949700002,
              2376310.6085000001
            ],
            [
              11230980.3596,
              2374994.9527000003
            ],
            [
              11230753.028299998,
              2374027.6171000004
            ],
            [
              11230630.128600001,
              2372731.9041999988
            ],
            [
              11230599.265999999,
              2372266.5348999985
            ],
            [
              11230868.9943,
              2371733.7204999998
            ],
            [
              11231462.8455,
              2370877.8845000006
            ],
            [
              11232398.59,
              2370343.3652000017
            ],
            [
              11233025.567400001,
              2369776.7454999983
            ],
            [
              11233313.798099998,
              2369689.8678000011
            ],
            [
              11234096.121199999,
              2369309.7707999982
            ],
            [
              11235219.969900001,
              2369183.2052999996
            ],
            [
              11235848.915199999,
              2369298.5419999994
            ],
            [
              11236497.0986,
              2369328.4239000008
            ],
            [
              11237604.7425,
              2369593.8555000015
            ],
            [
              11238593.7491,
              2370166.9098000005
            ],
            [
              11239377.391600002,
              2370502.2089000009
            ],
            [
              11240400.600299999,
              2370649.0938000008
            ],
            [
              11241934.674199998,
              2371116.2243999988
            ],
            [
              11242344.022500001,
              2371914.4195999987
            ],
            [
              11242891.2104,
              2372234.8251000009
            ],
            [
              11243879.803399999,
              2373097.7668999992
            ],
            [
              11244222.952300001,
              2373555.4109000005
            ],
            [
              11244976.318100002,
              2374264.4974000007
            ],
            [
              11245988.1215,
              2374800.5909999982
            ],
            [
              11247169.404599998,
              2375046.7236000001
            ],
            [
              11248378.8477,
              2374929.2353000008
            ],
            [
              11249282.120900001,
              2374494.121100001
            ],
            [
              11250441.150899999,
              2373287.931400001
            ],
            [
              11251319.573399998,
              2372640.2038000003
            ],
            [
              11252014.0524,
              2371561.9732000008
            ],
            [
              11252390.5493,
              2370386.2853000015
            ],
            [
              11252830.483800001,
              2369321.7749000005
            ],
            [
              11253509.7674,
              2368863.5905999988
            ],
            [
              11254574.223000001,
              2368721.7039999999
            ],
            [
              11257036.5579,
              2368777.9941000007
            ],
            [
              11259212.309099998,
              2368857.6581000015
            ],
            [
              11260585.974399999,
              2369001.0691
            ],
            [
              11261554.784600001,
              2368841.6875
            ],
            [
              11262066.461199999,
              2368872.1994000003
            ],
            [
              11262389.429099999,
              2368938.2010999992
            ],
            [
              11262952.7348,
              2369224.2498999983
            ],
            [
              11263514.600499999,
              2369391.0095000006
            ],
            [
              11264162.438900001,
              2369625.3332999982
            ],
            [
              11264724.334100001,
              2369519.4605999999
            ],
            [
              11265268.350699998,
              2369447.7908000015
            ],
            [
              11265862.802900001,
              2369136.930399999
            ],
            [
              11266083.133000001,
              2368845.9257999994
            ],
            [
              11266199.853,
              2368146.6783000007
            ],
            [
              11266995.406100001,
              2367815.8491999991
            ],
            [
              11267601.954100002,
              2367623.9309
            ],
            [
              11268326.5328,
              2367771.8038999997
            ],
            [
              11268819.8697,
              2367765.4294999987
            ],
            [
              11269314.320599999,
              2367803.1103000008
            ],
            [
              11269510.158500001,
              2367460.4739999995
            ],
            [
              11270123.1888,
              2367540.1251999997
            ],
            [
              11270702.366300002,
              2367330.2681999989
            ],
            [
              11271245.576900002,
              2366736.3359000012
            ],
            [
              11271455.082400002,
              2366169.7824000008
            ],
            [
              11271792.581099998,
              2365698.8740999997
            ],
            [
              11272168.194499999,
              2365240.9415000007
            ],
            [
              11272426.564100001,
              2364496.9943000004
            ],
            [
              11272059.867199998,
              2363921.0877999999
            ],
            [
              11271770.274,
              2363519.9056000002
            ],
            [
              11271460.0737,
              2363272.3623999991
            ],
            [
              11270443.779800002,
              2363006.9653999992
            ],
            [
              11269897.407600001,
              2362636.0144999996
            ],
            [
              11269512.034299999,
              2362042.2428000011
            ],
            [
              11269265.8391,
              2361522.3559999987
            ],
            [
              11269087.123500001,
              2361037.8911999986
            ],
            [
              11269198.162799999,
              2360390.5777000003
            ],
            [
              11268957.614799999,
              2359628.2049000002
            ],
            [
              11268388.290899999,
              2358228.7100000009
            ],
            [
              11268085.169,
              2357682.0931999981
            ],
            [
              11267586.432599999,
              2357106.4684999995
            ],
            [
              11267075.6842,
              2356590.1512999982
            ],
            [
              11266711.999400001,
              2356173.3812000006
            ],
            [
              11266434.786400001,
              2355891.7659000009
            ],
            [
              11266125.182,
              2355627.3687999994
            ],
            [
              11265813.9109,
              2355434.8541000001
            ],
            [
              11265338.915899999,
              2355401.9035999998
            ],
            [
              11264785.686700001,
              2355247.4013999999
            ],
            [
              11264353.518800002,
              2354934.4688999988
            ],
            [
              11264069.248100001,
              2354501.3278999999
            ],
            [
              11263763.666200001,
              2354158.9257999994
            ],
            [
              11263070.014699999,
              2353445.0716000013
            ],
            [
              11262799.9199,
              2353046.6350999996
            ],
            [
              11262038.660500001,
              2351673.0340999998
            ],
            [
              11260928.947700001,
              2349432.2137999982
            ],
            [
              11260275.566300001,
              2346659.0861999989
            ],
            [
              11260193.5176,
              2346249.434799999
            ],
            [
              11260428.466800001,
              2345779.7523000017
            ],
            [
              11260540.680199999,
              2345360.2617000006
            ],
            [
              11260662.118099999,
              2344094.5780999996
            ],
            [
              11260231.652100001,
              2343904.1173
            ],
            [
              11259475.585000001,
              2343327.2245000005
            ],
            [
              11258728.658199999,
              2342364.6587999985
            ],
            [
              11258366.545400001,
              2341539.2225000001
            ],
            [
              11258108.8616,
              2340896.5018000007
            ],
            [
              11258315.520599999,
              2340539.9935999997
            ],
            [
              11258458.0984,
              2340007.9466999993
            ],
            [
              11258456.3224,
              2339631.4631000012
            ],
            [
              11258389.557300001,
              2339118.0403999984
            ],
            [
              11258792.648800001,
              2338926.8381999992
            ],
            [
              11259555.420400001,
              2338303.9607999995
            ],
            [
              11260290.347399998,
              2338321.1576000005
            ],
            [
              11260902.693799999,
              2338566.5258000009
            ],
            [
              11261879.794,
              2339165.8458999991
            ],
            [
              11263961.872400001,
              2341289.8519000001
            ],
            [
              11264816.747699998,
              2341655.6347000003
            ],
            [
              11269096.360399999,
              2341986.6922000013
            ],
            [
              11270808.0057,
              2342372.9615999982
            ],
            [
              11273987.350299999,
              2342447.5007999986
            ],
            [
              11274502.416999999,
              2342580.8418000005
            ],
            [
              11275630.349599998,
              2342673.5210999995
            ],
            [
              11275821.373300001,
              2343182.3896000013
            ],
            [
              11276244.137200002,
              2343533.5071999989
            ],
            [
              11276872.838500001,
              2343830.5951000005
            ],
            [
              11277874.119399998,
              2344154.4133000001
            ],
            [
              11278470.853399999,
              2344169.0927999988
            ],
            [
              11279344.258499999,
              2343923.1596000008
            ],
            [
              11279591.430500001,
              2344026.1431000009
            ],
            [
              11279808.256900001,
              2344246.4558999985
            ],
            [
              11280245.2619,
              2344442.7971000001
            ],
            [
              11280730.717799999,
              2344761.2047999986
            ],
            [
              11281215.011399999,
              2345323.4175000004
            ],
            [
              11281556.106699999,
              2345900.6400999986
            ],
            [
              11282169.499699999,
              2346414.0155999996
            ],
            [
              11283038.890799999,
              2346926.4580999985
            ],
            [
              11284140.4747,
              2348221.0767999999
            ],
            [
              11285363.7509,
              2349518.2045000009
            ],
            [
              11286343.275400002,
              2351040.9466999993
            ],
            [
              11286610.3369,
              2351215.7175000012
            ],
            [
              11286899.843199998,
              2351533.4829999991
            ],
            [
              11287117.379099999,
              2351729.4175000004
            ],
            [
              11287818.541000001,
              2352439.070700001
            ],
            [
              11288038.2513,
              2352634.5183999985
            ],
            [
              11288302.719900001,
              2353025.5364000015
            ],
            [
              11288619.4824,
              2353270.6535999998
            ],
            [
              11289127.216600001,
              2353564.5760000013
            ],
            [
              11289442.941,
              2353858.2441000007
            ],
            [
              11289897.973999999,
              2354318.4646000005
            ],
            [
              11289923.437899999,
              2354907.3693999983
            ],
            [
              11289804.457699999,
              2355175.0104999989
            ],
            [
              11289647.5858,
              2355613.0601000004
            ],
            [
              11288888.675000001,
              2357030.3482000008
            ],
            [
              11287785.512600001,
              2359435.4510000013
            ],
            [
              11286820.006700002,
              2361009.3695
            ],
            [
              11286581.8178,
              2362699.0738000013
            ],
            [
              11286619.224300001,
              2363032.6086999997
            ],
            [
              11286468.8627,
              2363362.4616999999
            ],
            [
              11286514.049899999,
              2363826.1528000012
            ],
            [
              11286585.978799999,
              2364143.8363000005
            ],
            [
              11286850.510899998,
              2364632.6242000014
            ],
            [
              11287224.7315,
              2365181.6281000003
            ],
            [
              11287794.319499999,
              2365587.3225999996
            ],
            [
              11288267.4487,
              2365722.0142999999
            ],
            [
              11288880.316599999,
              2366200.1020000018
            ],
            [
              11289361.202100001,
              2366275.0540000014
            ],
            [
              11289724.334600002,
              2365881.6590999998
            ],
            [
              11290013.780400001,
              2365536.5709000006
            ],
            [
              11289816.0999,
              2365013.0306999981
            ],
            [
              11289980.206,
              2364736.0559
            ],
            [
              11290453.646200001,
              2364953.6730000004
            ],
            [
              11290983.863200001,
              2365308.7065000013
            ],
            [
              11291483.5427,
              2365305.3247999996
            ],
            [
              11292176.319800001,
              2365162.2672000006
            ],
            [
              11292946.075199999,
              2364135.4602999985
            ],
            [
              11293223.636,
              2363939.9263000004
            ],
            [
              11293918.2575,
              2364100.5714999996
            ],
            [
              11294170.597600002,
              2364375.2351000011
            ],
            [
              11294301.6457,
              2364728.8651000001
            ],
            [
              11294677.886,
              2365393.0062999986
            ],
            [
              11294876.327,
              2365888.6070999987
            ],
            [
              11295158.848200001,
              2366249.6330000013
            ],
            [
              11295719.8037,
              2367161.7741999999
            ],
            [
              11296022.587900002,
              2367475.9882999994
            ],
            [
              11296051.497699998,
              2368012.2296000011
            ],
            [
              11295831.603599999,
              2368696.3913000003
            ],
            [
              11295649.551899999,
              2368916.6809
            ],
            [
              11295825.707699999,
              2369457.8209000006
            ],
            [
              11295900.548599999,
              2370140.1997999996
            ],
            [
              11295785.983899999,
              2370496.8546999991
            ],
            [
              11295524.150400002,
              2370946.9822000004
            ],
            [
              11295534.326200001,
              2371264.2221999988
            ],
            [
              11295732.468400002,
              2371874.6999999993
            ],
            [
              11295360.5242,
              2372279.1704999991
            ],
            [
              11294597.021400001,
              2372518.6090000011
            ],
            [
              11294434.453499999,
              2373016.9045000002
            ],
            [
              11294715.023899999,
              2373374.0190999992
            ],
            [
              11295290.0572,
              2373745.7085999995
            ],
            [
              11295409.545699999,
              2374338.9523999989
            ],
            [
              11295060.289999999,
              2374973.4452
            ],
            [
              11295410.3325,
              2375378.3500000015
            ],
            [
              11295788.7962,
              2375852.6809
            ],
            [
              11296564.6259,
              2376033.9959999993
            ],
            [
              11296596.916200001,
              2376513.0577999987
            ],
            [
              11296553.711800002,
              2377515.3366999999
            ],
            [
              11295918.9998,
              2378303.8370999992
            ],
            [
              11295635.7588,
              2378358.8526999988
            ],
            [
              11295241.134500001,
              2378230.5201000012
            ],
            [
              11294701.4923,
              2378285.4857000001
            ],
            [
              11293599.468400002,
              2378846.3859999999
            ],
            [
              11293184.547699999,
              2378767.0058999993
            ],
            [
              11292684.5867,
              2378571.7661999986
            ],
            [
              11292929.425799999,
              2378223.5329000019
            ],
            [
              11292369.547499999,
              2377936.3883000016
            ],
            [
              11291554.778099999,
              2377388.7696999982
            ],
            [
              11291042.977600001,
              2376958.3652000017
            ],
            [
              11290448.911400001,
              2376674.992899999
            ],
            [
              11289883.912300002,
              2376237.4747000001
            ],
            [
              11289041.152199998,
              2375803.1187000014
            ],
            [
              11288960.676399998,
              2375290.7613000013
            ],
            [
              11289103.4038,
              2375019.8891000003
            ],
            [
              11288863.344799999,
              2374382.7886000015
            ],
            [
              11289093.158199999,
              2373749.0093999989
            ],
            [
              11289388.0319,
              2372877.3187000006
            ],
            [
              11289246.633200001,
              2372125.9140999988
            ],
            [
              11288617.995700002,
              2371579.8691999987
            ],
            [
              11287871.541999999,
              2371051.5905999988
            ],
            [
              11286901.3893,
              2370596.7006999999
            ],
            [
              11285731.0317,
              2370311.5881000012
            ],
            [
              11284770.3561,
              2370678.0084999986
            ],
            [
              11283780.7689,
              2371569.1757000014
            ],
            [
              11283012.973000001,
              2373040.2972000018
            ],
            [
              11282846.054499999,
              2373243.9004000016
            ],
            [
              11282589.892499998,
              2373521.7694999985
            ],
            [
              11281757.269699998,
              2374166.6394000016
            ],
            [
              11281032.030400001,
              2374405.8205000013
            ],
            [
              11280562.351799998,
              2374583.6660999991
            ],
            [
              11280109.810199998,
              2375323.4446999989
            ],
            [
              11279530.690200001,
              2375521.8607000001
            ],
            [
              11278648.272,
              2375437.324000001
            ],
            [
              11277934.731800001,
              2375441.0124999993
            ],
            [
              11278193.0361,
              2375822.8724000007
            ],
            [
              11278588.071199998,
              2376485.1915000007
            ],
            [
              11279104.880899999,
              2376679.824000001
            ],
            [
              11279264.466499999,
              2376895.2424000017
            ],
            [
              11279542.1494,
              2376802.7498999983
            ],
            [
              11279727.1624,
              2376651.6928999983
            ],
            [
              11280036.2936,
              2376867.5887000002
            ],
            [
              11280461.488200001,
              2377052.2903999984
            ],
            [
              11281093.7905,
              2377525.7736999989
            ],
            [
              11281435.3268,
              2377915.4642000012
            ],
            [
              11282732.0724,
              2378486.6396999992
            ],
            [
              11283141.0526,
              2378825.1917999983
            ],
            [
              11284049.789000001,
              2379174.0595000014
            ],
            [
              11283982.010899998,
              2379811.6237000003
            ],
            [
              11283157.946199998,
              2379970.2080000006
            ],
            [
              11282753.9421,
              2379788.4318000004
            ],
            [
              11282969.153299998,
              2380193.0022
            ],
            [
              11283414.9124,
              2380797.7071999982
            ],
            [
              11282243.934300002,
              2381647.9666999988
            ],
            [
              11281275.638900001,
              2382225.7006999999
            ],
            [
              11280699.061299998,
              2382584.4640000015
            ],
            [
              11280175.521499999,
              2383053.0302000009
            ],
            [
              11280510.039999999,
              2383660.1770000011
            ],
            [
              11280965.778099999,
              2384388.9497000016
            ],
            [
              11281610.518599998,
              2385360.8170000017
            ],
            [
              11283747.873199999,
              2387913.997299999
            ],
            [
              11284221.9078,
              2387937.4712999985
            ],
            [
              11284698.922400001,
              2388207.8401999995
            ],
            [
              11284688.197299998,
              2388683.2681999989
            ],
            [
              11282879.388099998,
              2393313.6994999982
            ],
            [
              11282627.977400001,
              2393650.0458999984
            ],
            [
              11282733.027399998,
              2394485.2028999999
            ],
            [
              11283109.108600002,
              2395063.0168999992
            ],
            [
              11285330.892299999,
              2397625.4252000004
            ],
            [
              11286593.499000002,
              2398829.1684999987
            ],
            [
              11287737.885400001,
              2399590.0366000012
            ],
            [
              11289144.7511,
              2399429.8693999983
            ],
            [
              11289603.0392,
              2399407.1561000012
            ],
            [
              11290784.2665,
              2399484.1763999984
            ],
            [
              11291484.107099999,
              2399565.3454999998
            ],
            [
              11292765.530699998,
              2399659.8304999992
            ],
            [
              11293295.970899999,
              2400049.7969999984
            ],
            [
              11293559.556699999,
              2400414.9406999983
            ],
            [
              11293701.336100001,
              2400967.6105999984
            ],
            [
              11293854.764400002,
              2401478.5782999992
            ],
            [
              11294047.665399998,
              2402621.2609999999
            ],
            [
              11294321.0713,
              2403029.1952
            ],
            [
              11294508.251600001,
              2403368.9976000004
            ],
            [
              11294578.353,
              2403778.5830999985
            ],
            [
              11295071.697700001,
              2403434.0888999999
            ],
            [
              11295352.070099998,
              2403818.2322000004
            ],
            [
              11296126.8521,
              2403324.4299999997
            ],
            [
              11297460.0603,
              2402732.6755000018
            ],
            [
              11298281.612300001,
              2402541.2580000013
            ],
            [
              11299442.280900002,
              2402496.1730999984
            ],
            [
              11301107.944600001,
              2402647.3000999987
            ],
            [
              11303277.904899999,
              2403721.7443999983
            ],
            [
              11304783.001499999,
              2406068.2357000001
            ],
            [
              11305652.092599999,
              2405960.1268000007
            ],
            [
              11306048.847800002,
              2406320.3398999982
            ],
            [
              11306101.530000001,
              2406756.2544
            ],
            [
              11305895.815200001,
              2407563.7294999994
            ],
            [
              11307116.201900002,
              2408443.4593000002
            ],
            [
              11308463.698100001,
              2409492.0441000015
            ],
            [
              11308869.214499999,
              2410149.1994000003
            ],
            [
              11309518.6884,
              2410612.1110999994
            ],
            [
              11310632.467799999,
              2411691.7270999998
            ],
            [
              11311332.945300002,
              2412479.1557999998
            ],
            [
              11310632.141800001,
              2412913.002799999
            ],
            [
              11309819.389400002,
              2412671.9408
            ],
            [
              11309031.554000001,
              2414169.8057000004
            ],
            [
              11309085.245200001,
              2414562.8434000015
            ],
            [
              11309633.9298,
              2415840.3623000011
            ],
            [
              11310052.491,
              2415994.864599999
            ],
            [
              11310232.546799999,
              2416588.1169999987
            ],
            [
              11310200.8246,
              2417271.6328999996
            ],
            [
              11310252.3893,
              2417664.4241999984
            ],
            [
              11310560.1932,
              2418294.7058000006
            ],
            [
              11311682.9663,
              2418774.2060999982
            ],
            [
              11311380.690499999,
              2419491.0472000018
            ],
            [
              11311252.746300001,
              2419765.7833999991
            ],
            [
              11310402.434799999,
              2420264.6997000016
            ],
            [
              11310032.901500002,
              2420216.8295999989
            ],
            [
              11309096.5933,
              2419629.9589999989
            ],
            [
              11308810.612399999,
              2419681.9442000017
            ],
            [
              11308534.3136,
              2420379.6528000012
            ],
            [
              11307927.083900001,
              2420429.2188000008
            ],
            [
              11307640.030200001,
              2420330.5568999983
            ],
            [
              11307217.8587,
              2420638.4602999985
            ],
            [
              11306133.798799999,
              2421044.7780999988
            ],
            [
              11305549.318999998,
              2421130.5905999988
            ],
            [
              11304683.750500001,
              2422323.7802000009
            ]
          ]
        ]
      },
      "properties" : {
        "FID" : 0,
        "REP_AREA" : 2224,
        "ISO3" : "LAO",
        "AHPSITEID" : 14,
        "AHPNAME" : "Nam Ha National Protected Area",
        "YR_DEC" : "2003",
        "OFF_AREA" : 224400,
        "CLASS" : 1,
        "C_Desc" : "Terrestrial or Inland Waters",
        "GIS_Has" : 219244.41141,
        "OBJECTID" : 0,
        "WDPAID" : 0,
        "WDPA_PID" : " ",
        "PA_DEF" : " ",
        "NAME" : " ",
        "ORIG_NAME" : " ",
        "DESIG" : " ",
        "DESIG_ENG" : " ",
        "DESIG_TYPE" : " ",
        "IUCN_CAT" : " ",
        "INT_CRIT" : " ",
        "MARINE" : " ",
        "REP_M_AREA" : 0,
        "GIS_M_AREA" : 0,
        "GIS_AREA" : 0,
        "NO_TAKE" : " ",
        "NO_TK_AREA" : 0,
        "STATUS" : " ",
        "STATUS_YR" : 0,
        "GOV_TYPE" : " ",
        "OWN_TYPE" : " ",
        "MANG_AUTH" : " ",
        "MANG_PLAN" : " ",
        "VERIF" : " ",
        "METADATAID" : 0,
        "SUB_LOC" : " ",
        "PARENT_ISO" : " ",
        "SUPP_INFO" : " ",
        "CONS_OBJ" : " ",
        "Legend_ID" : " ",
        "Shape_Leng" : 0,
        "Shape_Area" : 0
      }
    }
  ]
}