{"type":"FeatureCollection","crs":{"type":"name","properties":{"name":"EPSG:3857"}},"features":[{"type":"Feature","id":0,"geometry":{"type":"Polygon","coordinates":[[[11104324.957199998,725632.1240000017],[11101493.451400001,751829.39579999819],[11086908.559700001,753723.53970000148],[11083863.9188,749253.22289999947],[11036459.8794,734059.20380000025],[11037441.4014,719924.47980000079],[11104324.957199998,725632.1240000017]]]},"properties":{"FID":0,"REP_AREA":1490,"ISO3":"THA","AHPSITEID":11,"AHPNAME":"Tarutao National Park","YR_DEC":"1984","OFF_AREA":149000,"CLASS":2,"C_Desc":"Coastal and/or Marine","GIS_Has":143083.92185399999,"OBJECTID":0,"WDPAID":0,"WDPA_PID":" ","PA_DEF":" ","NAME":" ","ORIG_NAME":" ","DESIG":" ","DESIG_ENG":" ","DESIG_TYPE":" ","IUCN_CAT":" ","INT_CRIT":" ","MARINE":" ","REP_M_AREA":0,"GIS_M_AREA":0,"GIS_AREA":0,"NO_TAKE":" ","NO_TK_AREA":0,"STATUS":" ","STATUS_YR":0,"GOV_TYPE":" ","OWN_TYPE":" ","MANG_AUTH":" ","MANG_PLAN":" ","VERIF":" ","METADATAID":0,"SUB_LOC":" ","PARENT_ISO":" ","SUPP_INFO":" ","CONS_OBJ":" ","Legend_ID":" ","Shape_Leng":0,"Shape_Area":0}}]}