{"type":"FeatureCollection","crs":{"type":"name","properties":{"name":"EPSG:3857"}},"features":[{"type":"Feature","id":0,"geometry":{"type":"Polygon","coordinates":[[[13332673.5187,1015163.876600001],[13331931.463,974381.34200000018],[13341053.427299999,971378.18420000002],[13364523.360800002,993781.66160000116],[13364275.897599999,1002546.1125999987],[13336755.270500001,1017449.9307999983],[13332673.5187,1015163.876600001]]]},"properties":{"FID":0,"REP_AREA":968.27999999999997,"ISO3":"PHL","AHPSITEID":35,"AHPNAME":"Tubbataha Reefs Natural Park","YR_DEC":"2014","OFF_AREA":97030,"CLASS":2,"C_Desc":"Coastal and/or Marine","GIS_Has":96362.941611000002,"OBJECTID":0,"WDPAID":0,"WDPA_PID":" ","PA_DEF":" ","NAME":" ","ORIG_NAME":" ","DESIG":" ","DESIG_ENG":" ","DESIG_TYPE":" ","IUCN_CAT":" ","INT_CRIT":" ","MARINE":" ","REP_M_AREA":0,"GIS_M_AREA":0,"GIS_AREA":0,"NO_TAKE":" ","NO_TK_AREA":0,"STATUS":" ","STATUS_YR":0,"GOV_TYPE":" ","OWN_TYPE":" ","MANG_AUTH":" ","MANG_PLAN":" ","VERIF":" ","METADATAID":0,"SUB_LOC":" ","PARENT_ISO":" ","SUPP_INFO":" ","CONS_OBJ":" ","Legend_ID":" ","Shape_Leng":0,"Shape_Area":0}}]}