{"type":"FeatureCollection","crs":{"type":"name","properties":{"name":"EPSG:3857"}},"features":[{"type":"Feature","id":0,"geometry":{"type":"Polygon","coordinates":[[[13205803.927099999,686797.51749999821],[13203489.9641,695019.7248999998],[13186688.045600001,707786.64900000021],[13178563.1598,710451.38329999894],[13160629.168400001,711736.92449999973],[13146511.755399998,722059.61989999935],[13132069.049600001,721917.1623999998],[13132275.314199999,700685.22349999845],[13173518.5986,668849.92300000042],[13205955.842599999,669119.3861999996],[13205803.927099999,686797.51749999821]]]},"properties":{"FID":0,"REP_AREA":2429.5799999999999,"ISO3":"PHL","AHPSITEID":60,"AHPNAME":"Turtle Islands Wildlife Sanctuary","YR_DEC":"2024","OFF_AREA":0,"CLASS":2,"C_Desc":"Coastal and/or Marine","GIS_Has":241414.69232500001,"OBJECTID":0,"WDPAID":0,"WDPA_PID":" ","PA_DEF":" ","NAME":" ","ORIG_NAME":" ","DESIG":" ","DESIG_ENG":" ","DESIG_TYPE":" ","IUCN_CAT":" ","INT_CRIT":" ","MARINE":" ","REP_M_AREA":0,"GIS_M_AREA":0,"GIS_AREA":0,"NO_TAKE":" ","NO_TK_AREA":0,"STATUS":" ","STATUS_YR":0,"GOV_TYPE":" ","OWN_TYPE":" ","MANG_AUTH":" ","MANG_PLAN":" ","VERIF":" ","METADATAID":0,"SUB_LOC":" ","PARENT_ISO":" ","SUPP_INFO":" ","CONS_OBJ":" ","Legend_ID":" ","Shape_Leng":0,"Shape_Area":0}}]}